{"cameraMode":{"drawMode":0,"name":"Shaded","section":"Shading Mode"},"sceneLighting":true,"audioPlay":false,"sceneViewState":{"showFog":true,"showMaterialUpdate":false,"showSkybox":true,"showFlares":true,"showImageEffects":true,"showParticleSystems":true},"in2DMode":false,"pivot":{"x":-20.049999237060548,"y":-2.3000001907348635,"z":-4.800000190734863},"rotation":{"x":-0.12503445148468018,"y":0.036463458091020587,"z":-0.004530567675828934,"w":-0.9916821122169495},"size":285.0498046875,"orthographic":false}